vcpu,rodada,size_bytes,avg_us,min_us,max_us,iterations,arquivo
1,1,1,5795.79,1311.13,9498.21,100,/home/ubuntu/bcast_analysis/grupo5_broadcast_vcpu_definitivo_1mib/vcpu1/bcast_16proc_1vcpu_100iter_1mib_rodada1.txt
1,1,2,17334.04,1345.01,29087.88,100,/home/ubuntu/bcast_analysis/grupo5_broadcast_vcpu_definitivo_1mib/vcpu1/bcast_16proc_1vcpu_100iter_1mib_rodada1.txt
1,1,4,11501.96,1199.04,21098.36,100,/home/ubuntu/bcast_analysis/grupo5_broadcast_vcpu_definitivo_1mib/vcpu1/bcast_16proc_1vcpu_100iter_1mib_rodada1.txt
1,1,8,9396.82,3063.93,14840.62,100,/home/ubuntu/bcast_analysis/grupo5_broadcast_vcpu_definitivo_1mib/vcpu1/bcast_16proc_1vcpu_100iter_1mib_rodada1.txt
1,1,16,31694.34,3220.73,52120.1,100,/home/ubuntu/bcast_analysis/grupo5_broadcast_vcpu_definitivo_1mib/vcpu1/bcast_16proc_1vcpu_100iter_1mib_rodada1.txt
1,1,32,29264.92,1465.24,49382.08,100,/home/ubuntu/bcast_analysis/grupo5_broadcast_vcpu_definitivo_1mib/vcpu1/bcast_16proc_1vcpu_100iter_1mib_rodada1.txt
1,1,64,14085.84,1115.24,25587.87,100,/home/ubuntu/bcast_analysis/grupo5_broadcast_vcpu_definitivo_1mib/vcpu1/bcast_16proc_1vcpu_100iter_1mib_rodada1.txt
1,1,128,25011.87,1294.93,40472.33,100,/home/ubuntu/bcast_analysis/grupo5_broadcast_vcpu_definitivo_1mib/vcpu1/bcast_16proc_1vcpu_100iter_1mib_rodada1.txt
1,1,256,19625.18,1325.05,34661.46,100,/home/ubuntu/bcast_analysis/grupo5_broadcast_vcpu_definitivo_1mib/vcpu1/bcast_16proc_1vcpu_100iter_1mib_rodada1.txt
1,1,512,13226.5,6255.75,24846.7,100,/home/ubuntu/bcast_analysis/grupo5_broadcast_vcpu_definitivo_1mib/vcpu1/bcast_16proc_1vcpu_100iter_1mib_rodada1.txt
1,1,1024,87161.28,45920.02,151740.02,100,/home/ubuntu/bcast_analysis/grupo5_broadcast_vcpu_definitivo_1mib/vcpu1/bcast_16proc_1vcpu_100iter_1mib_rodada1.txt
1,1,2048,8079.24,3629.53,15217.03,100,/home/ubuntu/bcast_analysis/grupo5_broadcast_vcpu_definitivo_1mib/vcpu1/bcast_16proc_1vcpu_100iter_1mib_rodada1.txt
1,1,4096,48298.49,10356.16,96056.83,100,/home/ubuntu/bcast_analysis/grupo5_broadcast_vcpu_definitivo_1mib/vcpu1/bcast_16proc_1vcpu_100iter_1mib_rodada1.txt
1,1,8192,64084.14,19757.19,114630.44,100,/home/ubuntu/bcast_analysis/grupo5_broadcast_vcpu_definitivo_1mib/vcpu1/bcast_16proc_1vcpu_100iter_1mib_rodada1.txt
1,1,16384,69549.61,23539.0,141940.29,100,/home/ubuntu/bcast_analysis/grupo5_broadcast_vcpu_definitivo_1mib/vcpu1/bcast_16proc_1vcpu_100iter_1mib_rodada1.txt
1,1,32768,72727.61,19206.32,135375.2,100,/home/ubuntu/bcast_analysis/grupo5_broadcast_vcpu_definitivo_1mib/vcpu1/bcast_16proc_1vcpu_100iter_1mib_rodada1.txt
1,1,65536,112425.06,25028.09,163971.03,100,/home/ubuntu/bcast_analysis/grupo5_broadcast_vcpu_definitivo_1mib/vcpu1/bcast_16proc_1vcpu_100iter_1mib_rodada1.txt
1,1,131072,123292.11,38725.07,186075.43,100,/home/ubuntu/bcast_analysis/grupo5_broadcast_vcpu_definitivo_1mib/vcpu1/bcast_16proc_1vcpu_100iter_1mib_rodada1.txt
1,1,262144,57167.74,18172.03,92135.9,100,/home/ubuntu/bcast_analysis/grupo5_broadcast_vcpu_definitivo_1mib/vcpu1/bcast_16proc_1vcpu_100iter_1mib_rodada1.txt
1,1,524288,68555.86,25134.03,105805.21,100,/home/ubuntu/bcast_analysis/grupo5_broadcast_vcpu_definitivo_1mib/vcpu1/bcast_16proc_1vcpu_100iter_1mib_rodada1.txt
1,1,1048576,103917.84,94040.27,113389.02,100,/home/ubuntu/bcast_analysis/grupo5_broadcast_vcpu_definitivo_1mib/vcpu1/bcast_16proc_1vcpu_100iter_1mib_rodada1.txt
1,2,1,6904.9,696.73,13463.71,100,/home/ubuntu/bcast_analysis/grupo5_broadcast_vcpu_definitivo_1mib/vcpu1/bcast_16proc_1vcpu_100iter_1mib_rodada2.txt
1,2,2,25612.72,1191.78,48224.55,100,/home/ubuntu/bcast_analysis/grupo5_broadcast_vcpu_definitivo_1mib/vcpu1/bcast_16proc_1vcpu_100iter_1mib_rodada2.txt
1,2,4,3047.24,664.36,6008.62,100,/home/ubuntu/bcast_analysis/grupo5_broadcast_vcpu_definitivo_1mib/vcpu1/bcast_16proc_1vcpu_100iter_1mib_rodada2.txt
1,2,8,25714.29,1318.87,44382.82,100,/home/ubuntu/bcast_analysis/grupo5_broadcast_vcpu_definitivo_1mib/vcpu1/bcast_16proc_1vcpu_100iter_1mib_rodada2.txt
1,2,16,7038.03,865.91,12253.32,100,/home/ubuntu/bcast_analysis/grupo5_broadcast_vcpu_definitivo_1mib/vcpu1/bcast_16proc_1vcpu_100iter_1mib_rodada2.txt
1,2,32,17135.5,1230.96,30651.57,100,/home/ubuntu/bcast_analysis/grupo5_broadcast_vcpu_definitivo_1mib/vcpu1/bcast_16proc_1vcpu_100iter_1mib_rodada2.txt
1,2,64,47037.32,2019.27,72718.81,100,/home/ubuntu/bcast_analysis/grupo5_broadcast_vcpu_definitivo_1mib/vcpu1/bcast_16proc_1vcpu_100iter_1mib_rodada2.txt
1,2,128,38272.62,1325.35,59995.43,100,/home/ubuntu/bcast_analysis/grupo5_broadcast_vcpu_definitivo_1mib/vcpu1/bcast_16proc_1vcpu_100iter_1mib_rodada2.txt
1,2,256,26686.73,2875.58,45886.54,100,/home/ubuntu/bcast_analysis/grupo5_broadcast_vcpu_definitivo_1mib/vcpu1/bcast_16proc_1vcpu_100iter_1mib_rodada2.txt
1,2,512,12433.22,5520.03,16957.3,100,/home/ubuntu/bcast_analysis/grupo5_broadcast_vcpu_definitivo_1mib/vcpu1/bcast_16proc_1vcpu_100iter_1mib_rodada2.txt
1,2,1024,15458.21,8413.49,31142.39,100,/home/ubuntu/bcast_analysis/grupo5_broadcast_vcpu_definitivo_1mib/vcpu1/bcast_16proc_1vcpu_100iter_1mib_rodada2.txt
1,2,2048,24899.21,7908.87,44499.22,100,/home/ubuntu/bcast_analysis/grupo5_broadcast_vcpu_definitivo_1mib/vcpu1/bcast_16proc_1vcpu_100iter_1mib_rodada2.txt
1,2,4096,90474.07,32165.64,152522.34,100,/home/ubuntu/bcast_analysis/grupo5_broadcast_vcpu_definitivo_1mib/vcpu1/bcast_16proc_1vcpu_100iter_1mib_rodada2.txt
1,2,8192,15286.0,5045.77,27210.46,100,/home/ubuntu/bcast_analysis/grupo5_broadcast_vcpu_definitivo_1mib/vcpu1/bcast_16proc_1vcpu_100iter_1mib_rodada2.txt
1,2,16384,35848.55,6645.92,69551.05,100,/home/ubuntu/bcast_analysis/grupo5_broadcast_vcpu_definitivo_1mib/vcpu1/bcast_16proc_1vcpu_100iter_1mib_rodada2.txt
1,2,32768,53771.92,16240.02,87603.11,100,/home/ubuntu/bcast_analysis/grupo5_broadcast_vcpu_definitivo_1mib/vcpu1/bcast_16proc_1vcpu_100iter_1mib_rodada2.txt
1,2,65536,76684.61,20006.36,120318.7,100,/home/ubuntu/bcast_analysis/grupo5_broadcast_vcpu_definitivo_1mib/vcpu1/bcast_16proc_1vcpu_100iter_1mib_rodada2.txt
1,2,131072,34705.39,14013.49,58234.02,100,/home/ubuntu/bcast_analysis/grupo5_broadcast_vcpu_definitivo_1mib/vcpu1/bcast_16proc_1vcpu_100iter_1mib_rodada2.txt
1,2,262144,89729.49,37555.45,125425.44,100,/home/ubuntu/bcast_analysis/grupo5_broadcast_vcpu_definitivo_1mib/vcpu1/bcast_16proc_1vcpu_100iter_1mib_rodada2.txt
1,2,524288,63069.13,28040.1,86617.36,100,/home/ubuntu/bcast_analysis/grupo5_broadcast_vcpu_definitivo_1mib/vcpu1/bcast_16proc_1vcpu_100iter_1mib_rodada2.txt
1,2,1048576,110996.56,101431.5,121708.43,100,/home/ubuntu/bcast_analysis/grupo5_broadcast_vcpu_definitivo_1mib/vcpu1/bcast_16proc_1vcpu_100iter_1mib_rodada2.txt
1,3,1,42325.46,8355.45,65559.08,100,/home/ubuntu/bcast_analysis/grupo5_broadcast_vcpu_definitivo_1mib/vcpu1/bcast_16proc_1vcpu_100iter_1mib_rodada3.txt
1,3,2,36575.33,1928.8,60559.48,100,/home/ubuntu/bcast_analysis/grupo5_broadcast_vcpu_definitivo_1mib/vcpu1/bcast_16proc_1vcpu_100iter_1mib_rodada3.txt
1,3,4,35039.45,5364.72,52735.14,100,/home/ubuntu/bcast_analysis/grupo5_broadcast_vcpu_definitivo_1mib/vcpu1/bcast_16proc_1vcpu_100iter_1mib_rodada3.txt
1,3,8,47694.91,810.75,73594.48,100,/home/ubuntu/bcast_analysis/grupo5_broadcast_vcpu_definitivo_1mib/vcpu1/bcast_16proc_1vcpu_100iter_1mib_rodada3.txt
1,3,16,57002.87,1879.98,93628.95,100,/home/ubuntu/bcast_analysis/grupo5_broadcast_vcpu_definitivo_1mib/vcpu1/bcast_16proc_1vcpu_100iter_1mib_rodada3.txt
1,3,32,26724.24,941.0,43425.82,100,/home/ubuntu/bcast_analysis/grupo5_broadcast_vcpu_definitivo_1mib/vcpu1/bcast_16proc_1vcpu_100iter_1mib_rodada3.txt
1,3,64,5665.18,840.73,10671.5,100,/home/ubuntu/bcast_analysis/grupo5_broadcast_vcpu_definitivo_1mib/vcpu1/bcast_16proc_1vcpu_100iter_1mib_rodada3.txt
1,3,128,31342.83,1283.85,47751.92,100,/home/ubuntu/bcast_analysis/grupo5_broadcast_vcpu_definitivo_1mib/vcpu1/bcast_16proc_1vcpu_100iter_1mib_rodada3.txt
1,3,256,41291.55,2516.29,60418.78,100,/home/ubuntu/bcast_analysis/grupo5_broadcast_vcpu_definitivo_1mib/vcpu1/bcast_16proc_1vcpu_100iter_1mib_rodada3.txt
1,3,512,33833.97,21675.09,60026.79,100,/home/ubuntu/bcast_analysis/grupo5_broadcast_vcpu_definitivo_1mib/vcpu1/bcast_16proc_1vcpu_100iter_1mib_rodada3.txt
1,3,1024,21990.33,7350.22,34287.99,100,/home/ubuntu/bcast_analysis/grupo5_broadcast_vcpu_definitivo_1mib/vcpu1/bcast_16proc_1vcpu_100iter_1mib_rodada3.txt
1,3,2048,40575.07,15133.74,60390.94,100,/home/ubuntu/bcast_analysis/grupo5_broadcast_vcpu_definitivo_1mib/vcpu1/bcast_16proc_1vcpu_100iter_1mib_rodada3.txt
1,3,4096,39652.27,14005.65,68240.88,100,/home/ubuntu/bcast_analysis/grupo5_broadcast_vcpu_definitivo_1mib/vcpu1/bcast_16proc_1vcpu_100iter_1mib_rodada3.txt
1,3,8192,38064.7,10328.34,76651.64,100,/home/ubuntu/bcast_analysis/grupo5_broadcast_vcpu_definitivo_1mib/vcpu1/bcast_16proc_1vcpu_100iter_1mib_rodada3.txt
1,3,16384,18018.59,7495.76,36910.54,100,/home/ubuntu/bcast_analysis/grupo5_broadcast_vcpu_definitivo_1mib/vcpu1/bcast_16proc_1vcpu_100iter_1mib_rodada3.txt
1,3,32768,92990.56,23631.58,166794.01,100,/home/ubuntu/bcast_analysis/grupo5_broadcast_vcpu_definitivo_1mib/vcpu1/bcast_16proc_1vcpu_100iter_1mib_rodada3.txt
1,3,65536,52353.01,18613.13,76996.43,100,/home/ubuntu/bcast_analysis/grupo5_broadcast_vcpu_definitivo_1mib/vcpu1/bcast_16proc_1vcpu_100iter_1mib_rodada3.txt
1,3,131072,113815.85,42700.7,176581.72,100,/home/ubuntu/bcast_analysis/grupo5_broadcast_vcpu_definitivo_1mib/vcpu1/bcast_16proc_1vcpu_100iter_1mib_rodada3.txt
1,3,262144,75564.72,33193.49,113592.92,100,/home/ubuntu/bcast_analysis/grupo5_broadcast_vcpu_definitivo_1mib/vcpu1/bcast_16proc_1vcpu_100iter_1mib_rodada3.txt
1,3,524288,91952.96,36289.64,153156.45,100,/home/ubuntu/bcast_analysis/grupo5_broadcast_vcpu_definitivo_1mib/vcpu1/bcast_16proc_1vcpu_100iter_1mib_rodada3.txt
1,3,1048576,196883.37,186827.07,205302.8,100,/home/ubuntu/bcast_analysis/grupo5_broadcast_vcpu_definitivo_1mib/vcpu1/bcast_16proc_1vcpu_100iter_1mib_rodada3.txt
2,1,1,40022.03,2075.96,59492.93,100,/home/ubuntu/bcast_analysis/grupo5_broadcast_vcpu_definitivo_1mib/vcpu2/bcast_16proc_2vcpu_100iter_1mib_rodada1.txt
2,1,2,13110.67,405.96,22066.83,100,/home/ubuntu/bcast_analysis/grupo5_broadcast_vcpu_definitivo_1mib/vcpu2/bcast_16proc_2vcpu_100iter_1mib_rodada1.txt
2,1,4,26311.38,4996.65,36905.72,100,/home/ubuntu/bcast_analysis/grupo5_broadcast_vcpu_definitivo_1mib/vcpu2/bcast_16proc_2vcpu_100iter_1mib_rodada1.txt
2,1,8,21617.01,771.88,40893.41,100,/home/ubuntu/bcast_analysis/grupo5_broadcast_vcpu_definitivo_1mib/vcpu2/bcast_16proc_2vcpu_100iter_1mib_rodada1.txt
2,1,16,20786.85,2963.31,31674.31,100,/home/ubuntu/bcast_analysis/grupo5_broadcast_vcpu_definitivo_1mib/vcpu2/bcast_16proc_2vcpu_100iter_1mib_rodada1.txt
2,1,32,14569.57,488.19,26017.57,100,/home/ubuntu/bcast_analysis/grupo5_broadcast_vcpu_definitivo_1mib/vcpu2/bcast_16proc_2vcpu_100iter_1mib_rodada1.txt
2,1,64,27101.14,4303.92,46311.16,100,/home/ubuntu/bcast_analysis/grupo5_broadcast_vcpu_definitivo_1mib/vcpu2/bcast_16proc_2vcpu_100iter_1mib_rodada1.txt
2,1,128,31235.99,5248.1,46816.72,100,/home/ubuntu/bcast_analysis/grupo5_broadcast_vcpu_definitivo_1mib/vcpu2/bcast_16proc_2vcpu_100iter_1mib_rodada1.txt
2,1,256,19507.82,295.06,33940.68,100,/home/ubuntu/bcast_analysis/grupo5_broadcast_vcpu_definitivo_1mib/vcpu2/bcast_16proc_2vcpu_100iter_1mib_rodada1.txt
2,1,512,1688293.99,19256.01,2987721.13,100,/home/ubuntu/bcast_analysis/grupo5_broadcast_vcpu_definitivo_1mib/vcpu2/bcast_16proc_2vcpu_100iter_1mib_rodada1.txt
2,1,1024,33493.61,11290.91,64054.18,100,/home/ubuntu/bcast_analysis/grupo5_broadcast_vcpu_definitivo_1mib/vcpu2/bcast_16proc_2vcpu_100iter_1mib_rodada1.txt
2,1,2048,36005.72,24917.65,48820.56,100,/home/ubuntu/bcast_analysis/grupo5_broadcast_vcpu_definitivo_1mib/vcpu2/bcast_16proc_2vcpu_100iter_1mib_rodada1.txt
2,1,4096,39326.66,13730.24,73920.64,100,/home/ubuntu/bcast_analysis/grupo5_broadcast_vcpu_definitivo_1mib/vcpu2/bcast_16proc_2vcpu_100iter_1mib_rodada1.txt
2,1,8192,54345.26,18939.15,95694.61,100,/home/ubuntu/bcast_analysis/grupo5_broadcast_vcpu_definitivo_1mib/vcpu2/bcast_16proc_2vcpu_100iter_1mib_rodada1.txt
2,1,16384,48827.49,15339.34,90407.63,100,/home/ubuntu/bcast_analysis/grupo5_broadcast_vcpu_definitivo_1mib/vcpu2/bcast_16proc_2vcpu_100iter_1mib_rodada1.txt
2,1,32768,52743.7,15316.93,100313.84,100,/home/ubuntu/bcast_analysis/grupo5_broadcast_vcpu_definitivo_1mib/vcpu2/bcast_16proc_2vcpu_100iter_1mib_rodada1.txt
2,1,65536,44535.29,19751.57,66202.26,100,/home/ubuntu/bcast_analysis/grupo5_broadcast_vcpu_definitivo_1mib/vcpu2/bcast_16proc_2vcpu_100iter_1mib_rodada1.txt
2,1,131072,42059.84,14929.82,64355.24,100,/home/ubuntu/bcast_analysis/grupo5_broadcast_vcpu_definitivo_1mib/vcpu2/bcast_16proc_2vcpu_100iter_1mib_rodada1.txt
2,1,262144,37503.58,9995.23,57292.89,100,/home/ubuntu/bcast_analysis/grupo5_broadcast_vcpu_definitivo_1mib/vcpu2/bcast_16proc_2vcpu_100iter_1mib_rodada1.txt
2,1,524288,50695.54,22898.48,85376.91,100,/home/ubuntu/bcast_analysis/grupo5_broadcast_vcpu_definitivo_1mib/vcpu2/bcast_16proc_2vcpu_100iter_1mib_rodada1.txt
2,1,1048576,147699.51,123684.2,165444.89,100,/home/ubuntu/bcast_analysis/grupo5_broadcast_vcpu_definitivo_1mib/vcpu2/bcast_16proc_2vcpu_100iter_1mib_rodada1.txt
2,2,1,6249.25,203.18,12377.07,100,/home/ubuntu/bcast_analysis/grupo5_broadcast_vcpu_definitivo_1mib/vcpu2/bcast_16proc_2vcpu_100iter_1mib_rodada2.txt
2,2,2,7843.52,248.42,13029.76,100,/home/ubuntu/bcast_analysis/grupo5_broadcast_vcpu_definitivo_1mib/vcpu2/bcast_16proc_2vcpu_100iter_1mib_rodada2.txt
2,2,4,5048.95,217.94,9182.22,100,/home/ubuntu/bcast_analysis/grupo5_broadcast_vcpu_definitivo_1mib/vcpu2/bcast_16proc_2vcpu_100iter_1mib_rodada2.txt
2,2,8,16425.1,2468.06,23912.19,100,/home/ubuntu/bcast_analysis/grupo5_broadcast_vcpu_definitivo_1mib/vcpu2/bcast_16proc_2vcpu_100iter_1mib_rodada2.txt
2,2,16,9626.67,1200.34,15143.6,100,/home/ubuntu/bcast_analysis/grupo5_broadcast_vcpu_definitivo_1mib/vcpu2/bcast_16proc_2vcpu_100iter_1mib_rodada2.txt
2,2,32,12458.0,209.39,18738.26,100,/home/ubuntu/bcast_analysis/grupo5_broadcast_vcpu_definitivo_1mib/vcpu2/bcast_16proc_2vcpu_100iter_1mib_rodada2.txt
2,2,64,14143.71,185.71,25140.84,100,/home/ubuntu/bcast_analysis/grupo5_broadcast_vcpu_definitivo_1mib/vcpu2/bcast_16proc_2vcpu_100iter_1mib_rodada2.txt
2,2,128,9406.25,1065.52,14710.39,100,/home/ubuntu/bcast_analysis/grupo5_broadcast_vcpu_definitivo_1mib/vcpu2/bcast_16proc_2vcpu_100iter_1mib_rodada2.txt
2,2,256,11507.83,589.24,17913.33,100,/home/ubuntu/bcast_analysis/grupo5_broadcast_vcpu_definitivo_1mib/vcpu2/bcast_16proc_2vcpu_100iter_1mib_rodada2.txt
2,2,512,10501.06,1477.1,17370.13,100,/home/ubuntu/bcast_analysis/grupo5_broadcast_vcpu_definitivo_1mib/vcpu2/bcast_16proc_2vcpu_100iter_1mib_rodada2.txt
2,2,1024,7729.74,1419.29,15150.93,100,/home/ubuntu/bcast_analysis/grupo5_broadcast_vcpu_definitivo_1mib/vcpu2/bcast_16proc_2vcpu_100iter_1mib_rodada2.txt
2,2,2048,11543.29,6214.86,15386.86,100,/home/ubuntu/bcast_analysis/grupo5_broadcast_vcpu_definitivo_1mib/vcpu2/bcast_16proc_2vcpu_100iter_1mib_rodada2.txt
2,2,4096,27965.52,15648.71,47247.49,100,/home/ubuntu/bcast_analysis/grupo5_broadcast_vcpu_definitivo_1mib/vcpu2/bcast_16proc_2vcpu_100iter_1mib_rodada2.txt
2,2,8192,11407.78,4205.23,19578.97,100,/home/ubuntu/bcast_analysis/grupo5_broadcast_vcpu_definitivo_1mib/vcpu2/bcast_16proc_2vcpu_100iter_1mib_rodada2.txt
2,2,16384,20113.59,3880.01,41114.11,100,/home/ubuntu/bcast_analysis/grupo5_broadcast_vcpu_definitivo_1mib/vcpu2/bcast_16proc_2vcpu_100iter_1mib_rodada2.txt
2,2,32768,24226.88,4216.99,45453.65,100,/home/ubuntu/bcast_analysis/grupo5_broadcast_vcpu_definitivo_1mib/vcpu2/bcast_16proc_2vcpu_100iter_1mib_rodada2.txt
2,2,65536,40808.76,18270.09,72392.93,100,/home/ubuntu/bcast_analysis/grupo5_broadcast_vcpu_definitivo_1mib/vcpu2/bcast_16proc_2vcpu_100iter_1mib_rodada2.txt
2,2,131072,58237.9,25530.93,111460.05,100,/home/ubuntu/bcast_analysis/grupo5_broadcast_vcpu_definitivo_1mib/vcpu2/bcast_16proc_2vcpu_100iter_1mib_rodada2.txt
2,2,262144,30897.53,6376.02,49951.78,100,/home/ubuntu/bcast_analysis/grupo5_broadcast_vcpu_definitivo_1mib/vcpu2/bcast_16proc_2vcpu_100iter_1mib_rodada2.txt
2,2,524288,49181.67,26413.04,77057.83,100,/home/ubuntu/bcast_analysis/grupo5_broadcast_vcpu_definitivo_1mib/vcpu2/bcast_16proc_2vcpu_100iter_1mib_rodada2.txt
2,2,1048576,111362.54,94676.89,126261.47,100,/home/ubuntu/bcast_analysis/grupo5_broadcast_vcpu_definitivo_1mib/vcpu2/bcast_16proc_2vcpu_100iter_1mib_rodada2.txt
2,3,1,4849.28,196.92,8537.17,100,/home/ubuntu/bcast_analysis/grupo5_broadcast_vcpu_definitivo_1mib/vcpu2/bcast_16proc_2vcpu_100iter_1mib_rodada3.txt
2,3,2,3368.39,230.48,9113.71,100,/home/ubuntu/bcast_analysis/grupo5_broadcast_vcpu_definitivo_1mib/vcpu2/bcast_16proc_2vcpu_100iter_1mib_rodada3.txt
2,3,4,8113.31,221.83,14810.43,100,/home/ubuntu/bcast_analysis/grupo5_broadcast_vcpu_definitivo_1mib/vcpu2/bcast_16proc_2vcpu_100iter_1mib_rodada3.txt
2,3,8,10632.55,215.78,21409.34,100,/home/ubuntu/bcast_analysis/grupo5_broadcast_vcpu_definitivo_1mib/vcpu2/bcast_16proc_2vcpu_100iter_1mib_rodada3.txt
2,3,16,7685.47,217.7,13767.64,100,/home/ubuntu/bcast_analysis/grupo5_broadcast_vcpu_definitivo_1mib/vcpu2/bcast_16proc_2vcpu_100iter_1mib_rodada3.txt
2,3,32,6887.45,212.35,10691.35,100,/home/ubuntu/bcast_analysis/grupo5_broadcast_vcpu_definitivo_1mib/vcpu2/bcast_16proc_2vcpu_100iter_1mib_rodada3.txt
2,3,64,7595.37,204.26,13299.57,100,/home/ubuntu/bcast_analysis/grupo5_broadcast_vcpu_definitivo_1mib/vcpu2/bcast_16proc_2vcpu_100iter_1mib_rodada3.txt
2,3,128,9490.35,2960.78,16012.4,100,/home/ubuntu/bcast_analysis/grupo5_broadcast_vcpu_definitivo_1mib/vcpu2/bcast_16proc_2vcpu_100iter_1mib_rodada3.txt
2,3,256,7000.0,184.21,15295.31,100,/home/ubuntu/bcast_analysis/grupo5_broadcast_vcpu_definitivo_1mib/vcpu2/bcast_16proc_2vcpu_100iter_1mib_rodada3.txt
2,3,512,11355.54,4194.39,17362.16,100,/home/ubuntu/bcast_analysis/grupo5_broadcast_vcpu_definitivo_1mib/vcpu2/bcast_16proc_2vcpu_100iter_1mib_rodada3.txt
2,3,1024,16805.91,7474.03,26803.27,100,/home/ubuntu/bcast_analysis/grupo5_broadcast_vcpu_definitivo_1mib/vcpu2/bcast_16proc_2vcpu_100iter_1mib_rodada3.txt
2,3,2048,8452.42,547.67,14511.93,100,/home/ubuntu/bcast_analysis/grupo5_broadcast_vcpu_definitivo_1mib/vcpu2/bcast_16proc_2vcpu_100iter_1mib_rodada3.txt
2,3,4096,26029.99,8502.47,54965.12,100,/home/ubuntu/bcast_analysis/grupo5_broadcast_vcpu_definitivo_1mib/vcpu2/bcast_16proc_2vcpu_100iter_1mib_rodada3.txt
2,3,8192,20949.65,5609.84,34861.49,100,/home/ubuntu/bcast_analysis/grupo5_broadcast_vcpu_definitivo_1mib/vcpu2/bcast_16proc_2vcpu_100iter_1mib_rodada3.txt
2,3,16384,31512.74,16065.66,56109.08,100,/home/ubuntu/bcast_analysis/grupo5_broadcast_vcpu_definitivo_1mib/vcpu2/bcast_16proc_2vcpu_100iter_1mib_rodada3.txt
2,3,32768,36691.46,23520.05,56278.97,100,/home/ubuntu/bcast_analysis/grupo5_broadcast_vcpu_definitivo_1mib/vcpu2/bcast_16proc_2vcpu_100iter_1mib_rodada3.txt
2,3,65536,53879.14,26644.25,73685.84,100,/home/ubuntu/bcast_analysis/grupo5_broadcast_vcpu_definitivo_1mib/vcpu2/bcast_16proc_2vcpu_100iter_1mib_rodada3.txt
2,3,131072,58814.73,16243.1,112176.51,100,/home/ubuntu/bcast_analysis/grupo5_broadcast_vcpu_definitivo_1mib/vcpu2/bcast_16proc_2vcpu_100iter_1mib_rodada3.txt
2,3,262144,33893.82,19547.35,49312.35,100,/home/ubuntu/bcast_analysis/grupo5_broadcast_vcpu_definitivo_1mib/vcpu2/bcast_16proc_2vcpu_100iter_1mib_rodada3.txt
2,3,524288,48235.37,17244.15,83579.3,100,/home/ubuntu/bcast_analysis/grupo5_broadcast_vcpu_definitivo_1mib/vcpu2/bcast_16proc_2vcpu_100iter_1mib_rodada3.txt
2,3,1048576,110176.16,95147.61,122688.08,100,/home/ubuntu/bcast_analysis/grupo5_broadcast_vcpu_definitivo_1mib/vcpu2/bcast_16proc_2vcpu_100iter_1mib_rodada3.txt
4,1,1,37585.79,660.13,57451.88,100,/home/ubuntu/bcast_analysis/grupo5_broadcast_vcpu_definitivo_1mib/vcpu4/bcast_16proc_4vcpu_100iter_1mib_rodada1.txt
4,1,2,44573.97,541.55,79051.81,100,/home/ubuntu/bcast_analysis/grupo5_broadcast_vcpu_definitivo_1mib/vcpu4/bcast_16proc_4vcpu_100iter_1mib_rodada1.txt
4,1,4,47512.43,479.52,72205.8,100,/home/ubuntu/bcast_analysis/grupo5_broadcast_vcpu_definitivo_1mib/vcpu4/bcast_16proc_4vcpu_100iter_1mib_rodada1.txt
4,1,8,26587.0,996.5,49406.15,100,/home/ubuntu/bcast_analysis/grupo5_broadcast_vcpu_definitivo_1mib/vcpu4/bcast_16proc_4vcpu_100iter_1mib_rodada1.txt
4,1,16,43667.0,363.81,71661.05,100,/home/ubuntu/bcast_analysis/grupo5_broadcast_vcpu_definitivo_1mib/vcpu4/bcast_16proc_4vcpu_100iter_1mib_rodada1.txt
4,1,32,34850.73,1356.27,63351.0,100,/home/ubuntu/bcast_analysis/grupo5_broadcast_vcpu_definitivo_1mib/vcpu4/bcast_16proc_4vcpu_100iter_1mib_rodada1.txt
4,1,64,35131.44,936.93,62872.6,100,/home/ubuntu/bcast_analysis/grupo5_broadcast_vcpu_definitivo_1mib/vcpu4/bcast_16proc_4vcpu_100iter_1mib_rodada1.txt
4,1,128,28511.74,1032.89,46767.03,100,/home/ubuntu/bcast_analysis/grupo5_broadcast_vcpu_definitivo_1mib/vcpu4/bcast_16proc_4vcpu_100iter_1mib_rodada1.txt
4,1,256,47741.79,313.62,73740.35,100,/home/ubuntu/bcast_analysis/grupo5_broadcast_vcpu_definitivo_1mib/vcpu4/bcast_16proc_4vcpu_100iter_1mib_rodada1.txt
4,1,512,49981.39,16666.92,87287.16,100,/home/ubuntu/bcast_analysis/grupo5_broadcast_vcpu_definitivo_1mib/vcpu4/bcast_16proc_4vcpu_100iter_1mib_rodada1.txt
4,1,1024,42834.39,13471.25,69887.65,100,/home/ubuntu/bcast_analysis/grupo5_broadcast_vcpu_definitivo_1mib/vcpu4/bcast_16proc_4vcpu_100iter_1mib_rodada1.txt
4,1,2048,34294.59,12119.34,65260.11,100,/home/ubuntu/bcast_analysis/grupo5_broadcast_vcpu_definitivo_1mib/vcpu4/bcast_16proc_4vcpu_100iter_1mib_rodada1.txt
4,1,4096,68250.54,31474.15,110131.42,100,/home/ubuntu/bcast_analysis/grupo5_broadcast_vcpu_definitivo_1mib/vcpu4/bcast_16proc_4vcpu_100iter_1mib_rodada1.txt
4,1,8192,73763.0,20696.85,148345.01,100,/home/ubuntu/bcast_analysis/grupo5_broadcast_vcpu_definitivo_1mib/vcpu4/bcast_16proc_4vcpu_100iter_1mib_rodada1.txt
4,1,16384,62438.45,16922.6,107465.66,100,/home/ubuntu/bcast_analysis/grupo5_broadcast_vcpu_definitivo_1mib/vcpu4/bcast_16proc_4vcpu_100iter_1mib_rodada1.txt
4,1,32768,90130.76,32607.61,173392.58,100,/home/ubuntu/bcast_analysis/grupo5_broadcast_vcpu_definitivo_1mib/vcpu4/bcast_16proc_4vcpu_100iter_1mib_rodada1.txt
4,1,65536,172175.67,67318.16,298563.75,100,/home/ubuntu/bcast_analysis/grupo5_broadcast_vcpu_definitivo_1mib/vcpu4/bcast_16proc_4vcpu_100iter_1mib_rodada1.txt
4,1,131072,304440.53,74718.01,1205246.54,100,/home/ubuntu/bcast_analysis/grupo5_broadcast_vcpu_definitivo_1mib/vcpu4/bcast_16proc_4vcpu_100iter_1mib_rodada1.txt
4,1,262144,695067.04,95238.82,2792958.68,100,/home/ubuntu/bcast_analysis/grupo5_broadcast_vcpu_definitivo_1mib/vcpu4/bcast_16proc_4vcpu_100iter_1mib_rodada1.txt
4,1,524288,350942.56,107446.27,627097.36,100,/home/ubuntu/bcast_analysis/grupo5_broadcast_vcpu_definitivo_1mib/vcpu4/bcast_16proc_4vcpu_100iter_1mib_rodada1.txt
4,1,1048576,1744517.15,916591.01,5559059.12,100,/home/ubuntu/bcast_analysis/grupo5_broadcast_vcpu_definitivo_1mib/vcpu4/bcast_16proc_4vcpu_100iter_1mib_rodada1.txt
4,2,1,44712.11,1288.95,71388.79,100,/home/ubuntu/bcast_analysis/grupo5_broadcast_vcpu_definitivo_1mib/vcpu4/bcast_16proc_4vcpu_100iter_1mib_rodada2.txt
4,2,2,39686.44,753.97,65758.41,100,/home/ubuntu/bcast_analysis/grupo5_broadcast_vcpu_definitivo_1mib/vcpu4/bcast_16proc_4vcpu_100iter_1mib_rodada2.txt
4,2,4,31770.99,1333.89,57513.48,100,/home/ubuntu/bcast_analysis/grupo5_broadcast_vcpu_definitivo_1mib/vcpu4/bcast_16proc_4vcpu_100iter_1mib_rodada2.txt
4,2,8,29997.13,2375.09,45453.88,100,/home/ubuntu/bcast_analysis/grupo5_broadcast_vcpu_definitivo_1mib/vcpu4/bcast_16proc_4vcpu_100iter_1mib_rodada2.txt
4,2,16,34336.54,789.31,56911.84,100,/home/ubuntu/bcast_analysis/grupo5_broadcast_vcpu_definitivo_1mib/vcpu4/bcast_16proc_4vcpu_100iter_1mib_rodada2.txt
4,2,32,38779.28,2222.07,56418.59,100,/home/ubuntu/bcast_analysis/grupo5_broadcast_vcpu_definitivo_1mib/vcpu4/bcast_16proc_4vcpu_100iter_1mib_rodada2.txt
4,2,64,34315.3,2703.67,55947.09,100,/home/ubuntu/bcast_analysis/grupo5_broadcast_vcpu_definitivo_1mib/vcpu4/bcast_16proc_4vcpu_100iter_1mib_rodada2.txt
4,2,128,42967.17,721.26,68011.24,100,/home/ubuntu/bcast_analysis/grupo5_broadcast_vcpu_definitivo_1mib/vcpu4/bcast_16proc_4vcpu_100iter_1mib_rodada2.txt
4,2,256,33908.5,2471.57,71730.56,100,/home/ubuntu/bcast_analysis/grupo5_broadcast_vcpu_definitivo_1mib/vcpu4/bcast_16proc_4vcpu_100iter_1mib_rodada2.txt
4,2,512,44368.03,15060.6,77813.84,100,/home/ubuntu/bcast_analysis/grupo5_broadcast_vcpu_definitivo_1mib/vcpu4/bcast_16proc_4vcpu_100iter_1mib_rodada2.txt
4,2,1024,41076.37,12494.57,70899.24,100,/home/ubuntu/bcast_analysis/grupo5_broadcast_vcpu_definitivo_1mib/vcpu4/bcast_16proc_4vcpu_100iter_1mib_rodada2.txt
4,2,2048,28446.95,5251.95,54152.77,100,/home/ubuntu/bcast_analysis/grupo5_broadcast_vcpu_definitivo_1mib/vcpu4/bcast_16proc_4vcpu_100iter_1mib_rodada2.txt
4,2,4096,60295.67,23818.55,103814.4,100,/home/ubuntu/bcast_analysis/grupo5_broadcast_vcpu_definitivo_1mib/vcpu4/bcast_16proc_4vcpu_100iter_1mib_rodada2.txt
4,2,8192,53090.36,9887.06,106922.27,100,/home/ubuntu/bcast_analysis/grupo5_broadcast_vcpu_definitivo_1mib/vcpu4/bcast_16proc_4vcpu_100iter_1mib_rodada2.txt
4,2,16384,72333.36,32716.9,135196.1,100,/home/ubuntu/bcast_analysis/grupo5_broadcast_vcpu_definitivo_1mib/vcpu4/bcast_16proc_4vcpu_100iter_1mib_rodada2.txt
4,2,32768,70499.67,13773.75,126518.61,100,/home/ubuntu/bcast_analysis/grupo5_broadcast_vcpu_definitivo_1mib/vcpu4/bcast_16proc_4vcpu_100iter_1mib_rodada2.txt
4,2,65536,178528.9,74020.52,289889.45,100,/home/ubuntu/bcast_analysis/grupo5_broadcast_vcpu_definitivo_1mib/vcpu4/bcast_16proc_4vcpu_100iter_1mib_rodada2.txt
4,2,131072,225111.55,79338.19,421721.88,100,/home/ubuntu/bcast_analysis/grupo5_broadcast_vcpu_definitivo_1mib/vcpu4/bcast_16proc_4vcpu_100iter_1mib_rodada2.txt
4,2,262144,226672.49,87949.86,369737.68,100,/home/ubuntu/bcast_analysis/grupo5_broadcast_vcpu_definitivo_1mib/vcpu4/bcast_16proc_4vcpu_100iter_1mib_rodada2.txt
4,2,524288,607470.49,86997.07,2384726.63,100,/home/ubuntu/bcast_analysis/grupo5_broadcast_vcpu_definitivo_1mib/vcpu4/bcast_16proc_4vcpu_100iter_1mib_rodada2.txt
4,2,1048576,1045313.31,879047.09,1216403.03,100,/home/ubuntu/bcast_analysis/grupo5_broadcast_vcpu_definitivo_1mib/vcpu4/bcast_16proc_4vcpu_100iter_1mib_rodada2.txt
4,3,1,28578.25,1218.92,47164.81,100,/home/ubuntu/bcast_analysis/grupo5_broadcast_vcpu_definitivo_1mib/vcpu4/bcast_16proc_4vcpu_100iter_1mib_rodada3.txt
4,3,2,33687.82,1436.3,54666.1,100,/home/ubuntu/bcast_analysis/grupo5_broadcast_vcpu_definitivo_1mib/vcpu4/bcast_16proc_4vcpu_100iter_1mib_rodada3.txt
4,3,4,38248.34,1128.5,69894.04,100,/home/ubuntu/bcast_analysis/grupo5_broadcast_vcpu_definitivo_1mib/vcpu4/bcast_16proc_4vcpu_100iter_1mib_rodada3.txt
4,3,8,39666.57,628.36,64000.56,100,/home/ubuntu/bcast_analysis/grupo5_broadcast_vcpu_definitivo_1mib/vcpu4/bcast_16proc_4vcpu_100iter_1mib_rodada3.txt
4,3,16,43797.53,874.05,61994.21,100,/home/ubuntu/bcast_analysis/grupo5_broadcast_vcpu_definitivo_1mib/vcpu4/bcast_16proc_4vcpu_100iter_1mib_rodada3.txt
4,3,32,40313.87,1428.38,72153.16,100,/home/ubuntu/bcast_analysis/grupo5_broadcast_vcpu_definitivo_1mib/vcpu4/bcast_16proc_4vcpu_100iter_1mib_rodada3.txt
4,3,64,36655.91,1581.08,58741.0,100,/home/ubuntu/bcast_analysis/grupo5_broadcast_vcpu_definitivo_1mib/vcpu4/bcast_16proc_4vcpu_100iter_1mib_rodada3.txt
4,3,128,40924.55,298.68,64974.2,100,/home/ubuntu/bcast_analysis/grupo5_broadcast_vcpu_definitivo_1mib/vcpu4/bcast_16proc_4vcpu_100iter_1mib_rodada3.txt
4,3,256,34569.35,2187.47,55470.16,100,/home/ubuntu/bcast_analysis/grupo5_broadcast_vcpu_definitivo_1mib/vcpu4/bcast_16proc_4vcpu_100iter_1mib_rodada3.txt
4,3,512,38600.03,16413.44,72951.2,100,/home/ubuntu/bcast_analysis/grupo5_broadcast_vcpu_definitivo_1mib/vcpu4/bcast_16proc_4vcpu_100iter_1mib_rodada3.txt
4,3,1024,47142.54,19605.39,80644.33,100,/home/ubuntu/bcast_analysis/grupo5_broadcast_vcpu_definitivo_1mib/vcpu4/bcast_16proc_4vcpu_100iter_1mib_rodada3.txt
4,3,2048,36700.25,9245.51,75792.96,100,/home/ubuntu/bcast_analysis/grupo5_broadcast_vcpu_definitivo_1mib/vcpu4/bcast_16proc_4vcpu_100iter_1mib_rodada3.txt
4,3,4096,61692.38,20911.71,117702.69,100,/home/ubuntu/bcast_analysis/grupo5_broadcast_vcpu_definitivo_1mib/vcpu4/bcast_16proc_4vcpu_100iter_1mib_rodada3.txt
4,3,8192,61495.26,16645.38,114522.44,100,/home/ubuntu/bcast_analysis/grupo5_broadcast_vcpu_definitivo_1mib/vcpu4/bcast_16proc_4vcpu_100iter_1mib_rodada3.txt
4,3,16384,68768.66,26115.06,125474.41,100,/home/ubuntu/bcast_analysis/grupo5_broadcast_vcpu_definitivo_1mib/vcpu4/bcast_16proc_4vcpu_100iter_1mib_rodada3.txt
4,3,32768,86098.65,25613.63,168128.75,100,/home/ubuntu/bcast_analysis/grupo5_broadcast_vcpu_definitivo_1mib/vcpu4/bcast_16proc_4vcpu_100iter_1mib_rodada3.txt
4,3,65536,191002.84,81564.32,319671.47,100,/home/ubuntu/bcast_analysis/grupo5_broadcast_vcpu_definitivo_1mib/vcpu4/bcast_16proc_4vcpu_100iter_1mib_rodada3.txt
4,3,131072,240766.75,84408.77,420374.56,100,/home/ubuntu/bcast_analysis/grupo5_broadcast_vcpu_definitivo_1mib/vcpu4/bcast_16proc_4vcpu_100iter_1mib_rodada3.txt
4,3,262144,878174.36,96373.67,2857493.27,100,/home/ubuntu/bcast_analysis/grupo5_broadcast_vcpu_definitivo_1mib/vcpu4/bcast_16proc_4vcpu_100iter_1mib_rodada3.txt
4,3,524288,313448.88,90148.33,585931.29,100,/home/ubuntu/bcast_analysis/grupo5_broadcast_vcpu_definitivo_1mib/vcpu4/bcast_16proc_4vcpu_100iter_1mib_rodada3.txt
4,3,1048576,1239064.36,849772.36,4084148.44,100,/home/ubuntu/bcast_analysis/grupo5_broadcast_vcpu_definitivo_1mib/vcpu4/bcast_16proc_4vcpu_100iter_1mib_rodada3.txt
