vcpu,size_bytes,media_rodadas_us,mediana_rodadas_us,minimo_rodadas_us,maximo_rodadas_us,media_min_us,media_max_us,n_rodadas,amplitude_rodadas_us,size_kib
1,1,18342.05,6904.9,5795.79,42325.46,3454.436666666667,29507.0,3,36529.67,0.0009765625
1,2,26507.36333333333,25612.72,17334.04,36575.33,1488.53,45957.30333333334,3,19241.29,0.001953125
1,4,16529.55,11501.96,3047.24,35039.45,2409.3733333333334,26614.039999999997,3,31992.21,0.00390625
1,8,27602.006666666668,25714.29,9396.82,47694.91,1731.1833333333332,44272.63999999999,3,38298.090000000004,0.0078125
1,16,31911.74666666667,31694.34,7038.03,57002.87,1988.8733333333332,52667.456666666665,3,49964.840000000004,0.015625
1,32,24374.88666666667,26724.24,17135.5,29264.92,1212.3999999999999,41153.15666666667,3,12129.419999999998,0.03125
1,64,22262.78,14085.84,5665.18,47037.32,1325.08,36326.06,3,41372.14,0.0625
1,128,31542.440000000002,31342.83,25011.87,38272.62,1301.3766666666668,49406.56,3,13260.750000000004,0.125
1,256,29201.153333333335,26686.73,19625.18,41291.55,2238.9733333333334,46988.926666666666,3,21666.370000000003,0.25
1,512,19831.23,13226.5,12433.22,33833.97,11150.289999999999,33943.59666666667,3,21400.75,0.5
1,1024,41536.60666666667,21990.33,15458.21,87161.28,20561.243333333332,72390.13333333333,3,71703.07,1.0
1,2048,24517.839999999997,24899.21,8079.24,40575.07,8890.713333333333,40035.73,3,32495.83,2.0
1,4096,59474.94333333333,48298.49,39652.27,90474.07,18842.483333333334,105606.68333333335,3,50821.80000000001,4.0
1,8192,39144.94666666666,38064.7,15286.0,64084.14,11710.433333333334,72830.84666666666,3,48798.14,8.0
1,16384,41138.916666666664,35848.55,18018.59,69549.61,12560.226666666667,82800.62666666666,3,51531.020000000004,16.0
1,32768,73163.36333333333,72727.61,53771.92,92990.56,19692.64,129924.10666666667,3,39218.64,32.0
1,65536,80487.56,76684.61,52353.01,112425.06,21215.86,120428.71999999999,3,60072.049999999996,64.0
1,131072,90604.45,113815.85,34705.39,123292.11,31813.086666666666,140297.05666666667,3,88586.72,128.0
1,262144,74153.98333333334,75564.72,57167.74,89729.49,29640.323333333334,110384.75333333334,3,32561.750000000007,256.0
1,524288,74525.98333333334,68555.86,63069.13,91952.96,29821.256666666664,115193.00666666667,3,28883.83000000001,512.0
1,1048576,137265.92333333334,110996.56,103917.84,196883.37,127432.94666666667,146800.08333333334,3,92965.53,1024.0
2,1,17040.186666666665,6249.25,4849.28,40022.03,825.3533333333334,26802.39,3,35172.75,0.0009765625
2,2,8107.526666666668,7843.52,3368.39,13110.67,294.9533333333333,14736.766666666668,3,9742.28,0.001953125
2,4,13157.88,8113.31,5048.95,26311.38,1812.14,20299.45666666667,3,21262.43,0.00390625
2,8,16224.886666666665,16425.1,10632.55,21617.01,1151.9066666666668,28738.313333333335,3,10984.46,0.0078125
2,16,12699.663333333332,9626.67,7685.47,20786.85,1460.4499999999998,20195.183333333334,3,13101.379999999997,0.015625
2,32,11305.006666666666,12458.0,6887.45,14569.57,303.31,18482.393333333333,3,7682.12,0.03125
2,64,16280.073333333334,14143.71,7595.37,27101.14,1564.63,28250.523333333334,3,19505.77,0.0625
2,128,16710.863333333335,9490.35,9406.25,31235.99,3091.466666666667,25846.50333333333,3,21829.74,0.125
2,256,12671.883333333333,11507.83,7000.0,19507.82,356.17,22383.10666666667,3,12507.82,0.25
2,512,570050.1966666667,11355.54,10501.06,1688293.99,8309.166666666666,1007484.4733333333,3,1677792.93,0.5
2,1024,19343.086666666666,16805.91,7729.74,33493.61,6728.076666666667,35336.12666666667,3,25763.870000000003,1.0
2,2048,18667.143333333333,11543.29,8452.42,36005.72,10560.06,26239.783333333336,3,27553.300000000003,2.0
2,4096,31107.390000000003,27965.52,26029.99,39326.66,12627.14,58711.083333333336,3,13296.670000000002,4.0
2,8192,28900.896666666667,20949.65,11407.78,54345.26,9584.74,50045.02333333334,3,42937.48,8.0
2,16384,33484.60666666667,31512.74,20113.59,48827.49,11761.67,62543.60666666667,3,28713.899999999998,16.0
2,32768,37887.346666666665,36691.46,24226.88,52743.7,14351.323333333334,67348.81999999999,3,28516.819999999996,32.0
2,65536,46407.73,44535.29,40808.76,53879.14,21555.303333333333,70760.34333333332,3,13070.379999999997,64.0
2,131072,53037.49,58237.9,42059.84,58814.73,18901.283333333333,95997.26666666666,3,16754.890000000007,128.0
2,262144,34098.31,33893.82,30897.53,37503.58,11972.866666666667,52185.67333333333,3,6606.050000000003,256.0
2,524288,49370.86000000001,49181.67,48235.37,50695.54,22185.22333333333,82004.68000000001,3,2460.1699999999983,512.0
2,1048576,123079.40333333334,111362.54,110176.16,147699.51,104502.90000000001,138131.48,3,37523.350000000006,1024.0
4,1,36958.71666666667,37585.79,28578.25,44712.11,1056.0,58668.493333333325,3,16133.86,0.0009765625
4,2,39316.07666666667,39686.44,33687.82,44573.97,910.6066666666666,66492.10666666667,3,10886.150000000001,0.001953125
4,4,39177.253333333334,38248.34,31770.99,47512.43,980.6366666666667,66537.77333333333,3,15741.439999999999,0.00390625
4,8,32083.566666666666,29997.13,26587.0,39666.57,1333.3166666666668,52953.53,3,13079.57,0.0078125
4,16,40600.35666666667,43667.0,34336.54,43797.53,675.7233333333332,63522.36666666667,3,9460.989999999998,0.015625
4,32,37981.293333333335,38779.28,34850.73,40313.87,1668.9066666666668,63974.25,3,5463.139999999999,0.03125
4,64,35367.55,35131.44,34315.3,36655.91,1740.5600000000002,59186.89666666667,3,2340.6100000000006,0.0625
4,128,37467.82,40924.55,28511.74,42967.17,684.2766666666666,59917.49,3,14455.429999999997,0.125
4,256,38739.88,34569.35,33908.5,47741.79,1657.5533333333333,66980.35666666667,3,13833.29,0.25
4,512,44316.48333333334,44368.03,38600.03,49981.39,16046.986666666666,79350.73333333334,3,11381.36,0.5
4,1024,43684.433333333334,42834.39,41076.37,47142.54,15190.403333333334,73810.40666666666,3,6066.169999999998,1.0
4,2048,33147.26333333333,34294.59,28446.95,36700.25,8872.266666666666,65068.613333333335,3,8253.3,2.0
4,4096,63412.863333333335,61692.38,60295.67,68250.54,25401.47,110549.50333333334,3,7954.869999999995,4.0
4,8192,62782.87333333333,61495.26,53090.36,73763.0,15743.096666666666,123263.24,3,20672.64,8.0
4,16384,67846.82333333333,68768.66,62438.45,72333.36,25251.52,122712.05666666669,3,9894.910000000003,16.0
4,32768,82243.02666666666,86098.65,70499.67,90130.76,23998.33,156013.31333333332,3,19631.089999999997,32.0
4,65536,180569.1366666667,178528.9,172175.67,191002.84,74301.0,302708.2233333333,3,18827.169999999984,64.0
4,131072,256772.94333333336,240766.75,225111.55,304440.53,79488.32333333333,682447.66,3,79328.98000000004,128.0
4,262144,599971.2966666667,695067.04,226672.49,878174.36,93187.45,2006729.876666667,3,651501.87,256.0
4,524288,423953.97666666674,350942.56,313448.88,607470.49,94863.89000000001,1199251.76,3,294021.61,512.0
4,1048576,1342964.9400000002,1239064.36,1045313.31,1744517.15,881803.4866666667,3619870.196666667,3,699203.8399999999,1024.0
